zip_code,median_age,total_population,median_household_income
75001,33.8,16633.0,77598.0
75002,38.8,72679.0,119301.0
75006,36.2,48062.0,79672.0
75007,40.6,54498.0,105969.0
75009,37.1,28109.0,153658.0
75010,38.1,31609.0,98567.0
75013,38.6,46649.0,149549.0
75019,38.9,44706.0,136679.0
75020,40.2,24486.0,64734.0
75021,43.4,8925.0,61198.0
75022,41.5,27000.0,179892.0
75023,38.6,49376.0,101246.0
75024,36.8,43520.0,114623.0
75025,40.2,54201.0,134740.0
75028,43.1,47751.0,143712.0
75032,39.0,36514.0,132756.0
75033,36.6,47416.0,165218.0
75034,35.4,48749.0,104323.0
75035,37.8,83930.0,154811.0
75036,40.9,31792.0,137902.0
75038,32.2,32559.0,69678.0
75039,32.7,21795.0,100474.0
75040,36.0,63143.0,70592.0
75041,30.6,31344.0,62744.0
75042,32.9,37925.0,60118.0
75043,35.3,64296.0,72079.0
75044,36.1,47010.0,84016.0
75048,40.4,28210.0,126792.0
75050,31.8,43856.0,68421.0
75051,31.4,40166.0,49485.0
75052,34.8,94636.0,84055.0
75054,36.5,17261.0,154412.0
75056,36.6,65785.0,111589.0
75057,31.3,17280.0,73935.0
75058,34.7,3801.0,113194.0
75060,33.0,48997.0,67479.0
75061,31.9,56319.0,58236.0
75062,31.1,52772.0,68692.0
75063,33.8,44570.0,106909.0
75065,39.1,12787.0,95403.0
75067,34.2,67117.0,75224.0
75068,35.3,68074.0,119464.0
75069,39.3,39048.0,74967.0
75070,36.0,57516.0,101188.0
75071,37.6,66298.0,124763.0
75072,38.7,55304.0,147321.0
75074,34.5,51443.0,78441.0
75075,41.7,37032.0,89081.0
75076,47.3,8536.0,71910.0
75077,40.4,39853.0,120254.0
75078,35.7,40513.0,178254.0
75080,31.6,52184.0,86341.0
75081,35.6,36493.0,88161.0
75082,37.9,29386.0,108869.0
75087,39.0,40201.0,124583.0
75088,39.5,27143.0,101995.0
75089,37.8,34974.0,119332.0
75090,34.6,25788.0,56323.0
75092,41.3,26588.0,62741.0
75093,42.8,47069.0,121360.0
75094,39.5,23370.0,152461.0
75098,35.0,65655.0,112198.0
75101,33.8,668.0,50455.0
75102,39.3,1877.0,65850.0
75103,44.5,16372.0,67878.0
75104,35.3,49291.0,84760.0
75105,38.1,154.0,
75109,43.0,4466.0,73021.0
75110,34.4,31008.0,51048.0
75114,35.8,7123.0,96484.0
75115,41.2,56012.0,81895.0
75116,36.0,20145.0,57245.0
75117,34.2,4576.0,93373.0
75119,34.8,29509.0,77225.0
75124,40.8,5822.0,76013.0
75125,38.7,6920.0,63684.0
75126,32.1,67852.0,101456.0
75127,48.3,1781.0,58330.0
75132,,,
75134,31.0,20179.0,65114.0
75135,36.8,8515.0,88369.0
75137,39.2,20013.0,81160.0
75140,39.8,7933.0,44091.0
75141,26.4,4510.0,45213.0
75142,35.5,22756.0,75072.0
75143,42.3,14584.0,64178.0
75144,46.2,3883.0,60154.0
75146,33.4,24089.0,68001.0
75147,37.6,8239.0,49167.0
75148,47.1,6143.0,57917.0
75149,33.6,59371.0,64858.0
75150,34.1,63895.0,66265.0
75152,35.2,5859.0,81772.0
75153,35.7,568.0,95066.0
75154,36.8,48510.0,95035.0
75155,35.2,3142.0,56912.0
75156,47.8,16262.0,52464.0
75157,49.4,216.0,
75158,37.1,6202.0,88125.0
75159,35.9,22751.0,69301.0
75160,36.4,25964.0,67102.0
75161,49.6,6468.0,74932.0
75163,59.2,2540.0,54741.0
75164,59.2,430.0,52736.0
75165,33.9,48970.0,83970.0
75166,35.1,5762.0,123653.0
75167,37.5,13421.0,117254.0
75169,40.9,15361.0,56445.0
75172,34.4,5378.0,63003.0
75173,36.1,9296.0,96636.0
75180,31.3,27050.0,57827.0
75181,31.2,27980.0,107734.0
75182,43.1,7873.0,152632.0
75189,35.4,38261.0,114068.0
75201,31.7,17985.0,102891.0
75202,33.4,2421.0,113843.0
75203,33.3,16265.0,43376.0
75204,30.9,31627.0,88142.0
75205,33.1,25212.0,180698.0
75206,30.9,38432.0,84784.0
75207,32.6,8029.0,88655.0
75208,35.5,29992.0,75699.0
75209,39.7,14208.0,116477.0
75210,26.6,8750.0,26822.0
75211,31.1,73948.0,53614.0
75212,30.6,27045.0,47089.0
75214,37.1,34015.0,115304.0
75215,35.0,18950.0,39486.0
75216,33.5,55085.0,33889.0
75217,27.7,87154.0,49841.0
75218,41.2,21393.0,104026.0
75219,33.8,24797.0,86826.0
75220,31.1,40327.0,56849.0
75223,35.6,13174.0,66875.0
75224,32.7,35903.0,50061.0
75225,47.7,21965.0,180181.0
75226,32.0,5108.0,67612.0
75227,32.4,58315.0,54743.0
75228,30.8,68472.0,55848.0
75229,37.4,32885.0,117083.0
75230,47.6,26503.0,109589.0
75231,31.7,39158.0,50603.0
75232,41.0,33333.0,52739.0
75233,32.1,15876.0,61750.0
75234,33.9,33838.0,85105.0
75235,31.0,18936.0,57744.0
75236,30.0,18249.0,45739.0
75237,28.0,19530.0,38552.0
75238,35.8,32180.0,71352.0
75240,31.2,26058.0,51607.0
75241,34.4,33081.0,45356.0
75243,34.2,63047.0,47319.0
75244,37.8,12734.0,109440.0
75246,40.4,2265.0,42429.0
75247,58.7,992.0,18750.0
75248,40.0,37282.0,98584.0
75249,30.5,17853.0,79162.0
75251,31.7,3801.0,85294.0
75252,38.1,27541.0,77147.0
75253,25.6,24411.0,51642.0
75254,30.8,24316.0,70901.0
75261,,,
75270,,,
75287,34.1,52240.0,60256.0
75390,,,
75401,36.2,21000.0,51882.0
75402,35.7,20299.0,78277.0
75407,34.0,26607.0,87839.0
75409,32.7,22249.0,89444.0
75410,60.0,4196.0,77778.0
75411,41.2,875.0,47857.0
75412,44.1,512.0,62000.0
75413,49.5,187.0,
75414,36.9,3284.0,78776.0
75415,57.5,302.0,115446.0
75416,42.8,2865.0,70000.0
75417,40.2,2357.0,53370.0
75418,39.8,14473.0,58790.0
75420,32.9,1364.0,59826.0
75421,28.8,847.0,57688.0
75422,46.6,2826.0,65093.0
75423,40.8,3024.0,55288.0
75424,40.7,3483.0,85364.0
75426,53.6,3793.0,39203.0
75428,27.0,11398.0,51205.0
75429,,,
75431,43.1,1841.0,42201.0
75432,40.1,3115.0,64286.0
75433,44.1,3053.0,80116.0
75434,,,
75435,58.1,1060.0,37321.0
75436,39.5,2334.0,75179.0
75437,37.3,1125.0,83611.0
75438,42.8,1046.0,92083.0
75439,35.0,1123.0,61250.0
75440,47.7,7251.0,61127.0
75441,72.4,90.0,16474.0
75442,40.3,10571.0,81839.0
75446,39.2,3594.0,55744.0
75447,39.5,1187.0,101875.0
75448,34.7,862.0,80098.0
75449,42.3,1082.0,62500.0
75450,49.0,482.0,
75451,47.2,1613.0,47902.0
75452,36.8,4979.0,69911.0
75453,35.1,3173.0,98518.0
75454,34.5,17241.0,137903.0
75455,33.4,26816.0,57120.0
75457,36.4,6278.0,70192.0
75459,31.8,5395.0,71389.0
75460,36.2,24094.0,43884.0
75462,39.6,11406.0,66884.0
75468,42.7,1142.0,69832.0
75469,53.9,311.0,79018.0
75470,56.0,161.0,97581.0
75471,38.3,1690.0,53221.0
75472,49.3,3905.0,56941.0
75473,50.0,3663.0,80699.0
75474,45.7,16586.0,62461.0
75475,,19.0,
75476,53.0,1195.0,56250.0
75477,40.6,1246.0,80375.0
75478,44.0,879.0,54688.0
75479,46.4,2019.0,72368.0
75480,57.9,1730.0,69005.0
75481,37.0,385.0,61000.0
75482,39.8,25724.0,63312.0
75486,47.5,2569.0,89750.0
75487,40.2,1398.0,35729.0
75488,31.2,919.0,62303.0
75489,46.1,832.0,77273.0
75490,42.6,2775.0,83516.0
75491,43.4,5094.0,73988.0
75492,45.8,342.0,106806.0
75493,21.3,699.0,55625.0
75494,42.7,11167.0,65955.0
75495,38.3,9658.0,89781.0
75496,44.1,3462.0,71250.0
75497,59.2,3896.0,57368.0
75501,38.3,34183.0,44064.0
75503,37.9,27675.0,68977.0
75550,54.0,615.0,70192.0
75551,39.6,10917.0,63929.0
75554,43.5,2447.0,44630.0
75555,53.5,1534.0,50579.0
75556,37.4,1297.0,73214.0
75558,43.8,2043.0,90244.0
75559,47.2,5455.0,52983.0
75560,37.2,1033.0,51394.0
75561,39.6,4901.0,55288.0
75562,53.8,89.0,
75563,51.1,3920.0,50108.0
75564,,22.0,
75565,13.5,218.0,19107.0
75566,50.2,678.0,62159.0
75567,45.7,3863.0,59069.0
75568,43.7,2494.0,50134.0
75569,28.0,3456.0,41850.0
75570,37.4,11197.0,64304.0
75571,42.8,2618.0,51450.0
75572,43.5,3162.0,41600.0
75573,32.2,194.0,64792.0
75574,49.0,1402.0,70801.0
75601,36.6,15470.0,60634.0
75602,33.7,21343.0,54656.0
75603,39.7,6341.0,58750.0
75604,33.9,31361.0,66109.0
75605,39.1,33614.0,73582.0
75630,52.0,2622.0,38750.0
75631,38.8,2738.0,80703.0
75633,38.1,13055.0,62244.0
75638,43.0,5041.0,53409.0
75639,46.5,2256.0,32727.0
75640,36.0,5720.0,80833.0
75641,45.8,101.0,42500.0
75642,,71.0,
75643,42.2,2216.0,55000.0
75644,40.1,12902.0,54579.0
75645,44.4,10180.0,70315.0
75647,35.8,13026.0,53016.0
75650,35.5,9921.0,84531.0
75651,44.4,2197.0,65030.0
75652,39.4,13704.0,65905.0
75654,39.3,12817.0,58839.0
75656,40.5,4580.0,51676.0
75657,53.3,6771.0,48848.0
75658,66.8,26.0,
75659,,,
75661,49.5,2734.0,56600.0
75662,38.2,24640.0,64717.0
75667,44.4,1329.0,68309.0
75668,35.9,2471.0,48214.0
75669,35.8,1041.0,81155.0
75670,32.4,18466.0,37106.0
75671,,,
75672,40.9,16637.0,68853.0
75680,,,
75681,44.7,2593.0,58125.0
75682,53.3,664.0,53125.0
75683,42.8,3810.0,43531.0
75684,31.2,8030.0,51629.0
75686,38.9,13180.0,55327.0
75687,,,
75689,26.6,201.0,95724.0
75691,37.5,4547.0,81667.0
75692,48.9,4830.0,60705.0
75693,35.9,6128.0,92938.0
75694,,,
75701,34.6,34822.0,59107.0
75702,31.1,27775.0,48485.0
75703,37.7,43682.0,77858.0
75704,42.0,9284.0,55967.0
75705,40.3,2348.0,70850.0
75706,33.3,11334.0,63477.0
75707,42.3,15724.0,79764.0
75708,31.1,10155.0,79864.0
75709,44.9,5031.0,71013.0
75711,19.6,163.0,
75750,48.1,3291.0,70109.0
75751,37.2,17989.0,59399.0
75752,43.4,7573.0,62135.0
75754,48.5,7460.0,87846.0
75755,41.3,4982.0,52913.0
75756,40.4,4299.0,79688.0
75757,39.9,13430.0,79070.0
75758,48.6,9131.0,59727.0
75759,37.8,139.0,25156.0
75760,55.0,2204.0,67294.0
75762,42.0,14459.0,78520.0
75763,44.2,6336.0,65022.0
75764,27.3,158.0,73021.0
75765,50.7,7944.0,56477.0
75766,34.6,26128.0,50279.0
75770,49.7,2557.0,98178.0
75771,41.7,21408.0,83516.0
75773,44.2,14227.0,57854.0
75778,41.7,2471.0,43812.0
75779,,22.0,
75780,27.9,404.0,64375.0
75782,57.8,103.0,
75783,47.9,7854.0,62410.0
75784,45.8,794.0,58750.0
75785,41.1,10906.0,61815.0
75788,,43.0,
75789,38.7,7898.0,79112.0
75790,38.2,3777.0,61218.0
75791,36.9,14685.0,72203.0
75792,42.1,3558.0,52153.0
75801,34.6,16549.0,46706.0
75803,41.2,21702.0,57654.0
75831,41.2,5152.0,47358.0
75833,46.8,2764.0,62378.0
75835,46.2,11470.0,48706.0
75838,59.9,304.0,37386.0
75839,36.6,6189.0,63412.0
75840,39.7,6428.0,53368.0
75844,43.4,4922.0,50294.0
75845,47.9,2262.0,54850.0
75846,38.7,2609.0,57482.0
75847,38.8,1634.0,52969.0
75848,30.5,100.0,
75849,39.5,125.0,43125.0
75850,54.7,1447.0,
75851,43.1,4513.0,61310.0
75852,35.1,3173.0,52768.0
75853,34.3,1042.0,68750.0
75855,57.7,2657.0,39337.0
75856,22.6,211.0,145096.0
75858,67.2,60.0,56591.0
75859,57.2,2607.0,59698.0
75860,37.7,6305.0,60995.0
75861,44.1,1438.0,75528.0
75862,51.7,10017.0,47377.0
75865,,,
75884,41.0,3535.0,
75886,43.0,3005.0,
75901,34.3,28257.0,59350.0
75903,56.2,136.0,28554.0
75904,37.0,34191.0,59444.0
75925,37.9,3217.0,41328.0
75926,41.5,1301.0,58375.0
75928,54.1,987.0,23718.0
75929,58.0,1358.0,63454.0
75930,45.2,1972.0,53472.0
75931,54.7,2053.0,54931.0
75932,50.9,1393.0,55804.0
75933,39.7,1316.0,
75934,39.5,142.0,
75935,39.3,12073.0,52569.0
75936,48.0,951.0,65000.0
75937,40.8,1303.0,80262.0
75938,45.6,2306.0,47609.0
75939,42.4,5415.0,45339.0
75941,40.0,8666.0,56083.0
75942,42.4,162.0,
75943,42.1,1372.0,71500.0
75944,58.3,852.0,34667.0
75946,42.0,3943.0,58125.0
75948,58.1,5307.0,46157.0
75949,42.1,8472.0,49577.0
75951,41.9,15148.0,44141.0
75954,44.8,2719.0,44750.0
75956,43.8,7374.0,48125.0
75959,36.3,974.0,58542.0
75960,35.9,785.0,70156.0
75961,31.6,15081.0,38547.0
75962,19.7,3336.0,
75964,34.1,20623.0,55039.0
75965,29.7,17410.0,52073.0
75966,41.1,4788.0,38156.0
75968,39.6,2128.0,43472.0
75969,47.8,4597.0,67471.0
75972,48.1,6081.0,42272.0
75973,41.0,2934.0,52037.0
75974,38.1,2726.0,41875.0
75975,34.5,4441.0,58318.0
75976,30.4,1225.0,62417.0
75977,42.2,461.0,22273.0
75979,40.4,11473.0,43822.0
75980,45.8,2522.0,40648.0
76001,34.3,38010.0,101311.0
76002,32.7,33076.0,102369.0
76005,36.7,4899.0,191250.0
76006,32.9,24072.0,56312.0
76008,36.6,23084.0,154054.0
76009,37.1,19879.0,71996.0
76010,27.5,57197.0,42571.0
76011,30.8,22529.0,50200.0
76012,41.1,27769.0,80972.0
76013,31.5,35535.0,64585.0
76014,31.8,32805.0,60894.0
76015,32.1,17474.0,69805.0
76016,42.0,31079.0,103605.0
76017,38.0,46361.0,89930.0
76018,31.0,27827.0,83815.0
76020,40.0,32937.0,87923.0
76021,38.9,34858.0,84539.0
76022,37.1,14632.0,70286.0
76023,40.9,7227.0,83750.0
76028,37.5,76343.0,93314.0
76031,37.3,18108.0,68203.0
76033,38.2,27664.0,65488.0
76034,47.2,25793.0,196034.0
76035,36.2,3101.0,112983.0
76036,34.6,30489.0,89393.0
76039,34.3,41045.0,80176.0
76040,33.6,30708.0,65698.0
76041,35.9,772.0,154427.0
76043,43.8,7281.0,75764.0
76044,36.5,7644.0,88795.0
76048,45.8,27005.0,61728.0
76049,51.6,29301.0,96674.0
76050,44.3,7395.0,80858.0
76051,39.8,50303.0,106726.0
76052,34.9,27171.0,135348.0
76053,35.7,31396.0,59985.0
76054,43.9,11886.0,104748.0
76055,37.5,3566.0,68466.0
76058,34.4,21082.0,66777.0
76059,30.2,5224.0,49703.0
76060,42.8,8552.0,112931.0
76061,,59.0,
76063,37.8,80101.0,110303.0
76064,47.2,1952.0,78523.0
76065,36.4,42415.0,121063.0
76066,37.6,4923.0,98145.0
76067,37.0,20582.0,59845.0
76070,25.4,766.0,130630.0
76071,32.2,4610.0,94318.0
76073,42.9,6948.0,107759.0
76077,26.1,748.0,
76078,35.0,9696.0,89794.0
76082,37.6,23489.0,84506.0
76084,33.5,12058.0,85748.0
76085,43.6,11695.0,91128.0
76086,35.4,21979.0,65707.0
76087,41.1,31831.0,101606.0
76088,43.4,14693.0,89554.0
76092,42.2,31212.0,250001.0
76093,42.9,3485.0,52832.0
76102,36.8,11645.0,81074.0
76103,30.8,17285.0,56641.0
76104,32.4,18914.0,46098.0
76105,29.8,23252.0,44193.0
76106,30.3,37777.0,51972.0
76107,37.6,29629.0,77277.0
76108,36.4,44930.0,73183.0
76109,31.9,25658.0,99102.0
76110,32.8,33640.0,59933.0
76111,34.9,21366.0,54884.0
76112,32.7,44116.0,53335.0
76114,34.7,27297.0,63454.0
76115,28.0,21355.0,45311.0
76116,34.3,49232.0,50982.0
76117,34.7,32692.0,49782.0
76118,38.2,16822.0,89394.0
76119,32.1,51401.0,44605.0
76120,34.4,19842.0,70129.0
76123,33.6,40973.0,91180.0
76126,38.7,25480.0,106467.0
76127,35.6,1657.0,103971.0
76129,19.7,1724.0,
76131,33.4,50572.0,101087.0
76132,35.8,26709.0,68284.0
76133,33.7,54241.0,69506.0
76134,32.3,29211.0,65516.0
76135,39.6,18648.0,69525.0
76137,34.1,58970.0,86733.0
76140,32.7,31882.0,70933.0
76148,37.6,24080.0,88121.0
76155,31.0,6295.0,59653.0
76164,35.2,13853.0,52691.0
76177,34.0,21967.0,102719.0
76179,34.4,74074.0,106288.0
76180,37.2,37271.0,76416.0
76182,42.6,30509.0,110669.0
76201,23.7,28345.0,37703.0
76203,18.4,1026.0,
76205,29.0,20734.0,60196.0
76207,39.9,16685.0,88152.0
76208,34.1,27364.0,100314.0
76209,30.9,27538.0,69090.0
76210,38.4,44990.0,102036.0
76225,44.3,3093.0,75750.0
76226,40.3,37413.0,165428.0
76227,35.5,49155.0,106113.0
76228,46.4,1258.0,67386.0
76230,44.1,9742.0,68301.0
76233,42.9,3256.0,68068.0
76234,38.4,20110.0,85052.0
76238,35.0,499.0,107614.0
76239,48.6,1157.0,56042.0
76240,38.4,29253.0,58384.0
76241,,10.0,
76244,34.7,75185.0,116568.0
76245,64.9,1847.0,66652.0
76247,37.0,16870.0,107405.0
76248,43.2,40130.0,161383.0
76249,36.2,9572.0,103375.0
76250,45.9,835.0,81964.0
76251,41.2,672.0,61172.0
76252,45.6,2729.0,103098.0
76253,39.4,264.0,64130.0
76255,40.8,5743.0,53901.0
76258,43.7,7559.0,81552.0
76259,37.7,5611.0,82041.0
76261,55.1,152.0,58571.0
76262,37.3,42072.0,130524.0
76263,57.3,20.0,
76264,51.6,1143.0,75149.0
76265,41.3,1696.0,75212.0
76266,41.1,18546.0,93327.0
76267,26.4,64.0,
76268,34.1,125.0,83125.0
76270,51.7,2064.0,68705.0
76271,44.2,1961.0,77750.0
76272,47.8,5185.0,93800.0
76273,40.2,10553.0,81969.0
76301,34.0,15610.0,36250.0
76302,37.6,11169.0,51159.0
76305,46.7,4829.0,73729.0
76306,33.9,14391.0,47746.0
76308,31.3,20493.0,70872.0
76309,37.2,14216.0,52250.0
76310,37.8,19676.0,79264.0
76311,20.2,7009.0,91048.0
76351,42.8,1687.0,51010.0
76354,42.7,11794.0,64493.0
76357,50.8,490.0,77083.0
76360,43.0,2541.0,51500.0
76363,49.3,247.0,34107.0
76364,34.8,228.0,62083.0
76365,45.5,4566.0,62397.0
76366,37.3,1984.0,49706.0
76367,40.5,13984.0,68058.0
76370,55.4,478.0,83250.0
76371,40.8,1628.0,57431.0
76372,45.0,1005.0,69167.0
76373,52.8,155.0,77938.0
76374,39.9,3629.0,41019.0
76377,54.6,438.0,52857.0
76379,30.3,596.0,80972.0
76380,47.1,3526.0,53197.0
76384,37.0,12279.0,50250.0
76388,52.2,205.0,48125.0
76389,44.7,1418.0,99375.0
76401,29.6,30703.0,56918.0
76402,19.4,720.0,
76424,39.5,8656.0,44423.0
76426,40.5,11132.0,82346.0
76427,36.8,1030.0,70141.0
76429,68.5,129.0,2499.0
76430,45.4,2260.0,60093.0
76431,38.2,4543.0,70536.0
76432,52.1,1178.0,53333.0
76433,52.5,1945.0,108080.0
76435,52.2,541.0,59792.0
76436,45.5,101.0,57125.0
76437,40.4,5920.0,63272.0
76439,,,
76442,42.2,7281.0,60321.0
76443,43.1,1828.0,49844.0
76444,44.9,3793.0,57583.0
76445,29.6,416.0,
76446,39.5,8554.0,57321.0
76448,46.4,4969.0,63641.0
76449,57.2,2389.0,73824.0
76450,39.9,13003.0,71563.0
76452,56.4,133.0,197593.0
76453,58.8,1442.0,95536.0
76454,45.5,1668.0,41204.0
76455,47.5,698.0,54375.0
76457,40.3,4023.0,59569.0
76458,38.7,6049.0,56786.0
76459,55.6,139.0,48750.0
76460,47.2,472.0,85729.0
76462,39.4,4669.0,94167.0
76463,47.8,500.0,61250.0
76464,59.4,409.0,63750.0
76466,24.9,621.0,128260.0
76469,65.2,73.0,56750.0
76470,38.0,3022.0,36646.0
76471,51.3,1464.0,48529.0
76472,44.9,1503.0,96360.0
76474,51.3,340.0,
76475,43.2,947.0,54688.0
76476,37.9,3423.0,77130.0
76481,50.1,205.0,75690.0
76483,52.2,746.0,51827.0
76484,54.1,739.0,91731.0
76486,36.6,1379.0,65625.0
76487,37.8,2707.0,75063.0
76490,36.2,39.0,
76491,30.9,625.0,64438.0
76501,37.0,17200.0,50855.0
76502,34.6,48508.0,77704.0
76504,33.1,24276.0,44256.0
76511,42.8,2390.0,54750.0
76513,33.5,43738.0,76564.0
76518,41.3,1473.0,53125.0
76519,39.6,483.0,86181.0
76520,37.6,7878.0,59340.0
76522,33.2,41087.0,65760.0
76523,43.3,477.0,56089.0
76524,45.5,4053.0,75435.0
76525,46.3,1227.0,74063.0
76527,39.3,4141.0,71366.0
76528,39.3,19323.0,58862.0
76530,45.7,2424.0,76953.0
76531,45.1,4591.0,55857.0
76534,46.4,2890.0,71103.0
76537,30.4,11501.0,88250.0
76538,51.7,1155.0,58654.0
76539,44.8,8713.0,82053.0
76541,32.1,18849.0,34732.0
76542,31.4,52059.0,73133.0
76543,29.5,33220.0,49021.0
76544,21.7,26040.0,54561.0
76548,34.1,32608.0,71845.0
76549,28.8,55730.0,62607.0
76550,42.7,13574.0,71618.0
76554,32.4,2509.0,72656.0
76556,35.8,2008.0,63438.0
76557,39.4,5389.0,70017.0
76559,30.6,6443.0,65022.0
76561,42.8,1207.0,69250.0
76565,24.0,39.0,
76566,35.7,344.0,142500.0
76567,46.5,8244.0,48472.0
76569,40.1,3304.0,78798.0
76570,43.4,2243.0,38632.0
76571,45.9,9648.0,94517.0
76573,23.9,27.0,
76574,41.4,19629.0,68360.0
76577,37.8,3196.0,68141.0
76578,41.7,1232.0,92188.0
76579,33.7,5129.0,69471.0
76596,39.2,1097.0,
76597,40.8,3123.0,
76598,34.5,440.0,
76599,38.5,1764.0,
76621,35.0,1002.0,94375.0
76622,36.7,1558.0,73438.0
76623,41.3,197.0,62917.0
76624,49.0,2587.0,67708.0
76626,39.0,1363.0,94688.0
76627,46.1,1389.0,70250.0
76628,23.3,91.0,117857.0
76629,48.5,1916.0,63333.0
76630,50.0,1953.0,79000.0
76631,37.3,540.0,83438.0
76632,40.8,1901.0,41875.0
76633,41.4,6348.0,106700.0
76634,49.7,7316.0,68440.0
76635,28.3,1397.0,55393.0
76636,39.6,1638.0,66917.0
76637,47.3,466.0,71250.0
76638,40.1,3106.0,117708.0
76639,41.3,1823.0,39907.0
76640,34.5,2953.0,52074.0
76641,43.9,1714.0,64231.0
76642,44.2,6216.0,57622.0
76643,36.3,16034.0,75898.0
76645,37.7,10970.0,57500.0
76648,44.6,2751.0,49833.0
76649,53.9,700.0,67500.0
76650,35.8,96.0,79167.0
76651,39.0,3902.0,63173.0
76652,54.9,955.0,65278.0
76653,49.2,1426.0,56875.0
76654,38.6,173.0,65417.0
76655,40.3,8591.0,110248.0
76656,42.3,2560.0,71691.0
76657,37.7,12160.0,92935.0
76660,30.3,664.0,47188.0
76661,36.4,7118.0,31888.0
76664,37.2,3698.0,63621.0
76665,47.4,2596.0,56130.0
76666,31.4,186.0,41042.0
76667,38.6,10275.0,46130.0
76670,39.7,1934.0,57206.0
76671,53.9,2011.0,68750.0
76673,41.8,1162.0,53482.0
76676,40.4,317.0,63125.0
76678,62.1,112.0,45682.0
76679,45.1,1161.0,77702.0
76680,32.7,199.0,
76681,49.9,419.0,31705.0
76682,35.7,3276.0,73654.0
76685,79.1,49.0,
76686,53.3,230.0,63750.0
76687,61.7,1741.0,67720.0
76689,37.4,4308.0,63889.0
76690,32.8,1285.0,41667.0
76691,42.2,6315.0,75163.0
76692,51.7,9673.0,57891.0
76693,40.6,2320.0,54074.0
76701,31.3,1861.0,29714.0
76704,29.1,7450.0,19966.0
76705,34.4,31985.0,51546.0
76706,23.4,40770.0,39317.0
76707,29.8,16516.0,33964.0
76708,34.8,26917.0,64618.0
76710,40.1,23008.0,49762.0
76711,33.9,9474.0,51526.0
76712,38.1,28758.0,91862.0
76798,19.1,2907.0,
76801,38.5,25048.0,51603.0
76802,41.5,5667.0,65750.0
76820,71.2,135.0,
76821,42.2,4436.0,60924.0
76823,48.6,2741.0,54594.0
76824,,,
76825,41.6,6415.0,52143.0
76827,62.4,611.0,
76828,64.6,236.0,49688.0
76831,,,
76832,40.7,572.0,44886.0
76834,48.0,4992.0,50565.0
76836,,3.0,
76837,38.7,1964.0,49250.0
76841,12.0,186.0,
76842,69.7,179.0,52625.0
76844,48.8,3307.0,61989.0
76845,49.4,231.0,72500.0
76848,76.2,66.0,
76849,44.6,3733.0,58413.0
76852,53.5,286.0,78333.0
76853,49.4,1639.0,56420.0
76854,59.5,290.0,
76856,43.5,3506.0,80210.0
76857,45.7,1989.0,46047.0
76858,55.9,226.0,50500.0
76859,60.2,1728.0,39730.0
76861,36.6,2048.0,68750.0
76862,64.7,167.0,56250.0
76864,56.6,800.0,43464.0
76865,52.9,200.0,54792.0
76866,53.9,946.0,62885.0
76869,3.8,190.0,
76870,56.9,70.0,
76871,50.3,561.0,59375.0
76872,48.6,798.0,55000.0
76873,36.9,89.0,
76874,,,
76875,54.8,484.0,54429.0
76877,40.7,4509.0,54406.0
76878,41.0,1717.0,49250.0
76880,,,
76882,37.8,194.0,56000.0
76884,49.8,75.0,73750.0
76885,18.3,65.0,
76887,60.6,68.0,88854.0
76888,60.5,127.0,57566.0
76890,51.8,902.0,56008.0
76901,35.5,31415.0,62879.0
76902,,,
76903,38.9,30955.0,50077.0
76904,34.6,37090.0,81684.0
76905,31.8,13424.0,77614.0
76908,21.4,1943.0,
76909,19.9,512.0,
76930,56.5,87.0,52857.0
76932,33.0,3308.0,70319.0
76933,44.9,1238.0,53935.0
76934,31.9,1068.0,51083.0
76935,45.0,1721.0,
76936,39.4,2474.0,53774.0
76937,68.2,56.0,
76939,,,
76940,54.0,14.0,
76941,43.2,1237.0,53315.0
76943,52.7,2841.0,64457.0
76945,44.6,1825.0,37697.0
76950,31.6,3386.0,56889.0
76951,32.1,1392.0,63558.0
76953,59.5,85.0,
76955,31.6,241.0,78036.0
76957,7.5,189.0,
76958,32.4,241.0,
77002,35.3,18800.0,78292.0
77003,33.9,10169.0,87618.0
77004,33.3,35506.0,68141.0
77005,36.8,28470.0,213059.0
77006,33.5,24006.0,104375.0
77007,33.3,42881.0,140536.0
77008,34.9,38496.0,140609.0
77009,38.0,36872.0,77817.0
77010,54.3,837.0,221776.0
77011,36.6,16685.0,44412.0
77012,33.2,17950.0,45784.0
77013,34.2,18512.0,43492.0
77014,30.9,37573.0,54303.0
77015,29.6,59314.0,55171.0
77016,37.1,29376.0,42186.0
77017,31.3,32574.0,53236.0
77018,37.0,28892.0,111524.0
77019,35.6,22839.0,118172.0
77020,35.7,25715.0,46606.0
77021,34.6,25500.0,46508.0
77022,35.4,26903.0,46525.0
77023,35.7,25680.0,47697.0
77024,43.2,37269.0,132710.0
77025,37.8,29295.0,84274.0
77026,38.6,20732.0,33452.0
77027,34.4,19478.0,103627.0
77028,31.6,18669.0,33403.0
77029,38.8,16008.0,49443.0
77030,33.0,12546.0,90475.0
77031,35.2,17351.0,44412.0
77032,28.2,13743.0,38834.0
77033,33.0,28255.0,39118.0
77034,33.1,37273.0,56772.0
77035,35.2,34254.0,52205.0
77036,30.8,72278.0,41899.0
77037,33.5,17585.0,47381.0
77038,29.7,32142.0,47682.0
77039,31.6,27907.0,41988.0
77040,33.9,49762.0,62685.0
77041,40.2,31912.0,84928.0
77042,33.5,40747.0,51723.0
77043,35.5,25900.0,74320.0
77044,33.1,54313.0,87958.0
77045,34.1,32478.0,58373.0
77046,62.7,1254.0,145567.0
77047,33.8,33569.0,70666.0
77048,33.4,19741.0,45714.0
77049,27.8,41035.0,70736.0
77050,30.6,5949.0,30750.0
77051,30.9,16974.0,38694.0
77053,33.8,30175.0,61750.0
77054,31.4,26708.0,56447.0
77055,35.0,43362.0,69743.0
77056,40.8,21941.0,97097.0
77057,33.9,45023.0,68955.0
77058,38.1,17956.0,63267.0
77059,44.5,18370.0,158958.0
77060,27.4,46266.0,37041.0
77061,33.4,25169.0,42039.0
77062,41.0,24561.0,103477.0
77063,34.7,39554.0,51899.0
77064,32.9,49240.0,82500.0
77065,36.9,38994.0,72816.0
77066,33.3,39234.0,76716.0
77067,30.9,32405.0,49682.0
77068,35.2,11451.0,83990.0
77069,34.4,20633.0,72744.0
77070,34.3,58409.0,73579.0
77071,39.2,26990.0,56559.0
77072,34.4,61688.0,50886.0
77073,31.8,41866.0,69784.0
77074,31.9,38624.0,48196.0
77075,31.6,41271.0,71609.0
77076,29.4,33529.0,37927.0
77077,35.4,62933.0,69782.0
77078,32.7,14241.0,40873.0
77079,35.3,35097.0,99164.0
77080,32.0,47661.0,61659.0
77081,28.4,52360.0,40805.0
77082,35.8,53401.0,55962.0
77083,35.4,75004.0,61979.0
77084,33.2,108557.0,75510.0
77085,38.2,16550.0,65715.0
77086,32.4,29705.0,56200.0
77087,34.1,35960.0,50918.0
77088,34.1,54007.0,48627.0
77089,35.2,56988.0,83648.0
77090,30.0,40764.0,49438.0
77091,33.0,30357.0,34988.0
77092,33.8,36320.0,54494.0
77093,31.1,48215.0,37583.0
77094,45.6,10623.0,179387.0
77095,38.9,69644.0,90690.0
77096,36.0,33001.0,79483.0
77098,35.9,15553.0,108799.0
77099,33.6,49541.0,45691.0
77204,20.3,4310.0,
77301,31.8,34299.0,59452.0
77302,37.4,19076.0,85590.0
77303,33.3,24106.0,75448.0
77304,34.7,40317.0,74182.0
77306,32.5,16443.0,65423.0
77316,42.0,30577.0,120846.0
77318,44.3,19127.0,88162.0
77320,38.7,38170.0,50343.0
77326,69.2,235.0,
77327,29.7,33673.0,54022.0
77328,37.3,17860.0,55747.0
77331,51.2,7465.0,50123.0
77334,42.8,226.0,
77335,40.7,3157.0,52355.0
77336,39.1,11835.0,82105.0
77338,31.9,47997.0,68239.0
77339,39.3,43810.0,81274.0
77340,30.5,33969.0,41008.0
77341,,,
77342,,,
77345,41.7,26791.0,159013.0
77346,36.4,70704.0,122321.0
77350,44.9,134.0,50000.0
77351,44.6,34676.0,59245.0
77354,38.1,40094.0,112562.0
77355,42.3,31593.0,107714.0
77356,48.5,29515.0,112394.0
77357,30.8,30907.0,69521.0
77358,44.2,5013.0,71966.0
77359,72.2,265.0,55331.0
77360,43.8,5700.0,58076.0
77362,39.5,6626.0,84612.0
77363,42.5,3177.0,49946.0
77364,63.1,2005.0,53548.0
77365,34.7,39385.0,90493.0
77367,51.6,460.0,71199.0
77368,,,
77369,53.9,598.0,
77371,36.3,7370.0,57056.0
77372,35.6,13364.0,72749.0
77373,33.0,64828.0,83835.0
77374,50.4,378.0,81411.0
77375,34.0,67965.0,93886.0
77376,41.7,596.0,29498.0
77377,38.9,38188.0,114943.0
77378,37.6,18112.0,66882.0
77379,36.5,83247.0,110361.0
77380,36.4,30034.0,82383.0
77381,43.7,36414.0,143198.0
77382,40.8,41085.0,162774.0
77384,39.8,22958.0,99884.0
77385,33.5,26497.0,109677.0
77386,33.8,66816.0,131285.0
77388,35.1,52127.0,99591.0
77389,33.9,43674.0,142611.0
77396,33.3,60253.0,76919.0
77401,44.3,17233.0,215197.0
77406,37.7,63187.0,139280.0
77407,33.5,76600.0,106131.0
77412,,,
77414,35.8,24107.0,54859.0
77415,31.5,393.0,71908.0
77417,35.0,3267.0,55208.0
77418,41.0,10384.0,79444.0
77419,29.4,746.0,45614.0
77420,33.0,2313.0,57266.0
77422,44.7,14302.0,68937.0
77423,32.2,15627.0,85082.0
77426,53.2,2086.0,94091.0
77428,54.6,94.0,
77429,37.3,90790.0,123172.0
77430,42.0,1718.0,106094.0
77431,88.2,345.0,16513.0
77432,,,
77433,33.1,107887.0,134390.0
77434,29.7,4103.0,60227.0
77435,42.6,4242.0,62701.0
77436,,,
77437,37.1,18466.0,63810.0
77440,52.1,121.0,
77441,39.0,27067.0,170261.0
77442,19.2,1451.0,56042.0
77443,,114.0,
77444,32.2,809.0,
77445,30.6,14680.0,57217.0
77446,20.4,6276.0,33466.0
77447,31.9,19196.0,100250.0
77448,35.1,186.0,
77449,33.5,122098.0,82300.0
77450,37.5,72651.0,103245.0
77451,36.4,472.0,55417.0
77453,11.6,187.0,
77454,57.4,159.0,
77455,30.0,1962.0,61401.0
77456,20.7,1345.0,58443.0
77457,62.6,526.0,34531.0
77458,,13.0,
77459,38.2,79937.0,128851.0
77460,30.5,132.0,
77461,36.2,12719.0,69766.0
77464,31.8,411.0,54583.0
77465,42.6,7272.0,65515.0
77466,57.8,335.0,45588.0
77467,,,
77468,,,
77469,35.4,60971.0,98210.0
77470,41.8,404.0,48478.0
77471,32.2,43116.0,67743.0
77473,68.7,24.0,
77474,38.9,14819.0,74139.0
77475,70.1,446.0,58255.0
77476,53.0,270.0,65491.0
77477,33.7,33771.0,71746.0
77478,48.2,23105.0,110032.0
77479,40.9,91618.0,154658.0
77480,39.0,8017.0,76445.0
77481,84.4,103.0,
77482,43.1,1403.0,71359.0
77483,34.1,319.0,
77484,31.8,13661.0,72485.0
77485,39.2,3454.0,46528.0
77486,38.1,7689.0,88809.0
77488,40.6,14205.0,53167.0
77489,36.5,37748.0,71858.0
77493,31.7,55317.0,110220.0
77494,37.7,130920.0,144444.0
77498,35.2,54402.0,93703.0
77502,31.5,36374.0,58714.0
77503,33.6,23248.0,67697.0
77504,32.6,25401.0,52620.0
77505,35.6,23179.0,90917.0
77506,28.4,37561.0,51810.0
77507,30.1,561.0,70406.0
77510,43.4,13506.0,92344.0
77511,34.1,50799.0,74466.0
77514,40.1,5541.0,61569.0
77515,38.5,33406.0,84443.0
77517,41.0,6160.0,81618.0
77518,32.1,10313.0,52246.0
77519,48.2,561.0,90571.0
77520,37.4,36488.0,53226.0
77521,33.0,66215.0,74948.0
77523,33.4,27489.0,131444.0
77530,29.8,31304.0,62455.0
77531,30.7,15842.0,69676.0
77532,36.2,31384.0,91471.0
77533,44.9,1059.0,56466.0
77534,34.7,3210.0,100483.0
77535,35.2,36841.0,77148.0
77536,37.5,33111.0,90468.0
77538,39.9,987.0,75294.0
77539,36.5,47240.0,83707.0
77541,37.0,17087.0,55237.0
77545,37.1,25988.0,89784.0
77546,38.7,53830.0,117118.0
77547,27.3,9336.0,41485.0
77550,39.2,23215.0,47366.0
77551,37.1,22521.0,56620.0
77554,53.4,9825.0,86912.0
77555,42.5,3.0,
77560,38.6,1079.0,95486.0
77561,29.3,45.0,
77562,35.2,9793.0,64225.0
77563,40.6,10382.0,77917.0
77564,50.2,1907.0,48315.0
77565,48.4,6493.0,81921.0
77566,34.6,30538.0,91806.0
77568,37.1,20417.0,63806.0
77571,36.4,37346.0,80778.0
77573,37.0,95704.0,119948.0
77575,37.4,16392.0,51285.0
77577,45.6,1106.0,61006.0
77578,37.5,24322.0,126498.0
77580,,,
77581,37.1,50554.0,105053.0
77582,49.1,363.0,98929.0
77583,36.3,44443.0,110852.0
77584,36.0,90364.0,112994.0
77585,32.1,1036.0,
77586,41.8,23802.0,105076.0
77587,28.3,16185.0,50925.0
77590,36.4,33347.0,57293.0
77591,35.7,15914.0,62135.0
77597,35.9,398.0,
77598,34.5,26635.0,56551.0
77611,38.0,9814.0,98718.0
77612,37.3,9725.0,59666.0
77613,39.9,855.0,51786.0
77614,57.6,493.0,28698.0
77615,47.5,339.0,59688.0
77616,37.2,686.0,
77617,67.4,38.0,70536.0
77619,38.9,17110.0,64737.0
77622,29.3,1990.0,117779.0
77623,60.9,515.0,64318.0
77624,63.3,644.0,47917.0
77625,39.9,8274.0,67942.0
77627,38.1,22180.0,75461.0
77629,50.5,576.0,53527.0
77630,35.4,29160.0,61223.0
77632,40.4,21451.0,83679.0
77640,37.9,16896.0,49122.0
77642,30.9,38720.0,42076.0
77650,65.4,2073.0,61211.0
77651,39.0,13635.0,85086.0
77655,59.4,294.0,68472.0
77656,41.9,17280.0,61286.0
77657,39.5,21084.0,86611.0
77659,33.5,6305.0,93780.0
77660,51.8,1111.0,52647.0
77661,16.5,371.0,
77662,40.4,25849.0,68901.0
77663,42.5,888.0,
77664,49.4,2621.0,64643.0
77665,41.6,6593.0,70564.0
77701,36.8,12955.0,46653.0
77702,40.4,3234.0,61042.0
77703,32.2,11704.0,27972.0
77705,38.3,38228.0,47311.0
77706,38.3,29693.0,70772.0
77707,34.8,18124.0,64545.0
77708,36.6,13284.0,56151.0
77713,35.8,14458.0,84710.0
77801,22.8,15163.0,30849.0
77802,37.5,24226.0,65150.0
77803,30.4,32130.0,51914.0
77807,32.2,12949.0,71966.0
77808,41.4,14666.0,92868.0
77830,40.9,2815.0,103635.0
77831,50.3,3095.0,58250.0
77833,40.1,28884.0,63474.0
77835,43.7,2912.0,80385.0
77836,44.9,12042.0,75357.0
77837,47.2,1439.0,53523.0
77840,22.1,53891.0,30049.0
77843,19.4,7591.0,
77845,32.2,73969.0,87391.0
77852,,14.0,
77853,51.5,1009.0,55238.0
77855,61.4,64.0,
77856,37.4,4748.0,84940.0
77857,47.7,1033.0,55417.0
77859,39.2,7220.0,49817.0
77861,43.1,2921.0,67113.0
77863,12.1,348.0,
77864,37.7,7565.0,67574.0
77865,35.9,2141.0,84602.0
77866,,,
77867,47.4,211.0,29531.0
77868,38.1,17559.0,59534.0
77871,55.5,2528.0,56544.0
77872,33.2,2327.0,76250.0
77873,47.7,1287.0,76705.0
77875,,,
77876,46.5,175.0,67457.0
77878,43.8,705.0,47403.0
77879,44.8,4876.0,69636.0
77880,57.2,2041.0,87324.0
77882,,36.0,
77901,32.8,40137.0,52823.0
77904,38.2,29761.0,85410.0
77905,40.3,16500.0,77146.0
77950,54.0,156.0,55455.0
77951,41.1,1246.0,24331.0
77954,40.9,10918.0,61382.0
77957,40.8,8492.0,63750.0
77960,,55.0,
77961,,137.0,
77962,32.9,3813.0,79004.0
77963,40.6,5246.0,55313.0
77964,43.2,7911.0,60435.0
77968,39.2,3220.0,77794.0
77969,54.4,224.0,78125.0
77970,33.1,273.0,83542.0
77971,47.8,854.0,56124.0
77973,55.4,23.0,
77974,36.1,565.0,59000.0
77975,48.6,1643.0,55533.0
77976,65.6,49.0,
77977,40.4,536.0,22500.0
77978,41.3,458.0,90625.0
77979,37.4,16607.0,60782.0
77982,64.6,791.0,91150.0
77983,37.9,2337.0,80541.0
77984,47.6,4365.0,84177.0
77986,,16.0,
77987,38.0,146.0,109375.0
77988,52.7,161.0,61913.0
77990,52.1,962.0,74250.0
77991,18.4,526.0,119531.0
77993,41.5,214.0,
77994,32.2,430.0,81544.0
77995,39.1,10890.0,54300.0
78001,,,
78002,30.9,8047.0,64792.0
78003,52.0,8940.0,63052.0
78004,65.2,610.0,137598.0
78005,41.3,1421.0,66093.0
78006,42.5,41236.0,107803.0
78007,14.0,196.0,62143.0
78008,33.1,365.0,
78009,42.3,9202.0,98732.0
78010,45.9,4174.0,73682.0
78011,32.6,1608.0,27193.0
78012,32.4,253.0,46000.0
78013,50.9,5169.0,75838.0
78014,35.7,5245.0,67994.0
78015,37.7,21583.0,146838.0
78016,41.9,11345.0,56205.0
78017,32.9,5471.0,72188.0
78019,37.4,1877.0,49306.0
78021,,5.0,
78022,37.7,4724.0,57833.0
78023,43.5,28195.0,129145.0
78024,55.9,1190.0,71386.0
78025,49.4,5264.0,64340.0
78026,41.4,6426.0,74047.0
78027,48.7,460.0,103194.0
78028,47.2,39906.0,64768.0
78029,,,
78039,44.6,2193.0,69669.0
78040,29.6,36727.0,33819.0
78041,31.4,47594.0,61696.0
78043,28.5,44443.0,54816.0
78044,37.1,397.0,
78045,32.2,67686.0,85219.0
78046,26.0,69422.0,51667.0
78050,31.3,713.0,92679.0
78052,37.7,6339.0,69583.0
78055,55.8,2036.0,67560.0
78056,42.4,2096.0,115885.0
78057,48.6,556.0,
78058,63.7,871.0,98661.0
78059,36.9,6106.0,72648.0
78061,32.6,10892.0,45783.0
78062,,,
78063,50.3,10309.0,78149.0
78064,35.3,15969.0,71180.0
78065,36.3,11741.0,59450.0
78066,68.3,707.0,88532.0
78067,39.1,811.0,69181.0
78069,32.5,7124.0,73355.0
78070,47.9,18529.0,99219.0
78071,38.4,3837.0,45426.0
78072,39.1,437.0,53056.0
78073,32.4,9219.0,64375.0
78074,,69.0,
78075,74.5,154.0,
78076,30.5,13037.0,34779.0
78101,40.9,8863.0,83052.0
78102,35.4,26887.0,51147.0
78104,27.1,86.0,66771.0
78107,59.5,310.0,
78108,35.5,46463.0,111863.0
78109,33.2,52507.0,81152.0
78111,,,
78112,37.4,10234.0,55481.0
78113,45.2,2691.0,87865.0
78114,40.8,23351.0,83511.0
78116,70.0,220.0,
78117,40.4,667.0,84479.0
78118,39.3,4147.0,61577.0
78119,35.5,7147.0,
78121,38.9,14461.0,114338.0
78122,64.3,207.0,148125.0
78123,46.7,2310.0,92004.0
78124,42.5,7250.0,78571.0
78125,74.8,21.0,24167.0
78130,35.1,91275.0,82896.0
78132,43.3,37386.0,119561.0
78133,49.2,22120.0,78674.0
78140,27.6,3889.0,66940.0
78141,55.0,850.0,45104.0
78142,80.4,35.0,36042.0
78143,45.8,191.0,
78144,,,
78145,37.4,81.0,45313.0
78146,35.2,798.0,
78147,30.0,1709.0,69917.0
78148,34.9,22236.0,71368.0
78150,,,
78151,30.7,1592.0,38225.0
78152,41.3,2969.0,113205.0
78154,37.5,40535.0,95422.0
78155,37.5,52295.0,68430.0
78159,43.4,587.0,32000.0
78160,41.3,5008.0,81649.0
78161,32.3,519.0,52552.0
78162,29.8,343.0,44091.0
78163,46.3,15389.0,127650.0
78164,44.9,3397.0,58750.0
78201,37.7,45355.0,40356.0
78202,39.0,9695.0,39759.0
78203,36.5,5174.0,32500.0
78204,34.0,11969.0,47620.0
78205,44.0,1741.0,36746.0
78207,32.7,51381.0,28500.0
78208,33.9,4186.0,23864.0
78209,36.9,43184.0,79914.0
78210,35.2,33413.0,50169.0
78211,36.2,31433.0,50183.0
78212,38.1,26911.0,58029.0
78213,35.3,42321.0,51118.0
78214,36.7,22914.0,38591.0
78215,32.7,3231.0,77725.0
78216,35.1,42379.0,54394.0
78217,35.6,32152.0,53795.0
78218,36.1,37122.0,52151.0
78219,33.2,16442.0,49534.0
78220,34.8,16919.0,39694.0
78221,35.0,40272.0,57209.0
78222,34.9,24866.0,66836.0
78223,34.9,55063.0,45687.0
78224,31.0,20965.0,53841.0
78225,37.7,13802.0,43883.0
78226,33.1,7357.0,30669.0
78227,33.4,45553.0,45396.0
78228,34.9,57172.0,46736.0
78229,29.8,34082.0,44574.0
78230,38.2,42387.0,69171.0
78231,38.7,9972.0,106719.0
78232,38.5,36169.0,85029.0
78233,34.6,47172.0,68157.0
78234,20.9,5534.0,85903.0
78235,27.4,2548.0,60202.0
78236,21.3,8154.0,73750.0
78237,34.1,38492.0,38447.0
78238,34.7,25900.0,54287.0
78239,36.0,30482.0,71721.0
78240,31.9,57532.0,61241.0
78242,27.8,36404.0,45589.0
78243,22.0,299.0,
78244,33.0,36234.0,64968.0
78245,30.8,92770.0,83005.0
78247,37.4,49888.0,84283.0
78248,42.9,13366.0,125089.0
78249,28.2,60769.0,78836.0
78250,34.5,59434.0,80403.0
78251,31.7,62064.0,74572.0
78252,31.6,15624.0,80270.0
78253,32.7,63735.0,104951.0
78254,31.9,76945.0,108322.0
78255,40.5,18149.0,149188.0
78256,27.0,12195.0,70177.0
78257,37.2,9783.0,74437.0
78258,37.5,48344.0,110635.0
78259,38.9,26568.0,98399.0
78260,39.4,35972.0,136602.0
78261,37.2,25729.0,127813.0
78263,41.4,5642.0,91224.0
78264,35.4,12545.0,48870.0
78266,47.7,6913.0,132024.0
78330,41.4,489.0,53077.0
78332,35.0,27003.0,44499.0
78336,41.9,11774.0,57699.0
78338,,,
78339,49.7,316.0,
78340,53.4,396.0,52857.0
78341,26.5,1508.0,55469.0
78342,51.3,363.0,50125.0
78343,43.8,4554.0,56150.0
78344,48.2,488.0,80583.0
78347,,24.0,
78349,28.4,568.0,33750.0
78351,20.7,652.0,35697.0
78352,29.3,235.0,
78353,55.9,381.0,36477.0
78355,38.0,7080.0,30874.0
78357,31.7,2817.0,61875.0
78358,62.8,832.0,45859.0
78359,32.4,2122.0,34691.0
78360,,,
78361,25.2,4830.0,42292.0
78362,37.9,10737.0,75384.0
78363,28.1,29246.0,51908.0
78368,41.8,8989.0,40153.0
78369,43.7,220.0,
78370,36.4,5350.0,61350.0
78371,48.6,130.0,39063.0
78372,37.2,4999.0,52083.0
78373,57.4,3242.0,80250.0
78374,34.1,20037.0,82791.0
78375,27.2,3238.0,46529.0
78376,49.6,258.0,61346.0
78377,39.9,3296.0,45884.0
78379,50.4,1597.0,66019.0
78380,40.7,24055.0,57188.0
78382,51.1,19425.0,59131.0
78383,43.7,4374.0,68996.0
78384,36.0,5510.0,44324.0
78385,39.9,116.0,45455.0
78387,35.9,9148.0,47951.0
78389,37.2,2097.0,41295.0
78390,35.3,5737.0,62500.0
78391,38.5,150.0,67857.0
78393,43.0,1966.0,57440.0
78401,48.3,4583.0,29968.0
78402,37.8,308.0,52560.0
78404,42.9,14873.0,56488.0
78405,36.4,14901.0,34063.0
78406,34.0,2240.0,49653.0
78407,42.0,1796.0,50933.0
78408,37.1,10104.0,40910.0
78409,34.5,2424.0,62926.0
78410,33.0,28167.0,82467.0
78411,38.9,23492.0,58667.0
78412,29.9,40398.0,57503.0
78413,35.3,35750.0,72849.0
78414,33.4,48891.0,95423.0
78415,34.6,42831.0,51970.0
78416,40.3,13865.0,44320.0
78417,38.6,4542.0,56325.0
78418,42.5,29626.0,89769.0
78419,24.5,553.0,77750.0
78501,35.9,59954.0,47809.0
78503,30.9,21799.0,44879.0
78504,31.1,60999.0,71648.0
78516,30.5,34469.0,50282.0
78520,31.8,62344.0,45093.0
78521,30.9,87040.0,38633.0
78526,28.8,59547.0,66339.0
78535,45.2,633.0,37838.0
78536,37.5,404.0,41136.0
78537,26.1,51034.0,35214.0
78538,33.1,10091.0,41081.0
78539,34.8,37182.0,60202.0
78540,,,
78541,27.0,48558.0,45738.0
78542,27.0,83925.0,51979.0
78543,36.0,8614.0,46624.0
78545,45.3,444.0,21875.0
78547,22.3,358.0,11125.0
78548,33.0,1384.0,39306.0
78549,29.5,838.0,
78550,33.1,54441.0,46341.0
78552,34.2,40824.0,62235.0
78557,28.8,14075.0,45919.0
78558,46.5,533.0,
78559,31.0,12973.0,42861.0
78560,30.6,4500.0,51637.0
78561,35.9,900.0,26339.0
78562,31.8,3157.0,58846.0
78563,64.1,62.0,65476.0
78564,27.2,48.0,
78565,74.4,57.0,
78566,32.4,24232.0,55121.0
78567,26.9,484.0,36250.0
78569,40.6,4133.0,53150.0
78570,27.7,35043.0,38396.0
78572,37.8,76753.0,50562.0
78573,27.7,43555.0,47038.0
78574,27.7,63165.0,45379.0
78575,38.4,4649.0,69971.0
78576,19.6,13466.0,39956.0
78577,29.4,79496.0,44871.0
78578,44.1,10540.0,49396.0
78579,28.5,3063.0,27941.0
78580,31.4,13344.0,44362.0
78582,28.0,44988.0,40221.0
78583,41.6,6384.0,59217.0
78584,29.3,17721.0,29398.0
78585,,,
78586,30.2,49504.0,42515.0
78588,52.2,124.0,
78589,29.5,40115.0,50099.0
78590,27.6,711.0,32857.0
78591,44.6,270.0,
78592,48.3,587.0,30156.0
78593,30.1,5015.0,34773.0
78594,46.7,1398.0,23258.0
78595,33.1,6128.0,46125.0
78596,32.8,36545.0,53097.0
78597,58.5,2386.0,62557.0
78598,67.2,108.0,23523.0
78599,26.6,35999.0,56566.0
78602,39.4,34978.0,82500.0
78605,39.0,7463.0,79092.0
78606,46.6,6942.0,89688.0
78607,48.8,208.0,54531.0
78608,65.3,298.0,90500.0
78609,63.2,1880.0,67578.0
78610,35.8,44410.0,103562.0
78611,48.5,13815.0,74098.0
78612,31.1,19354.0,81275.0
78613,37.4,88189.0,116893.0
78614,60.2,302.0,58553.0
78615,30.3,1781.0,73462.0
78616,33.8,8821.0,68191.0
78617,33.5,29244.0,74773.0
78618,65.4,310.0,84688.0
78619,44.6,6067.0,171398.0
78620,41.7,19893.0,138639.0
78621,38.2,26133.0,92103.0
78622,40.6,353.0,64583.0
78623,62.9,1094.0,100000.0
78624,49.8,23538.0,71082.0
78626,33.9,40758.0,94927.0
78628,40.2,41428.0,111491.0
78629,35.5,12054.0,64807.0
78631,46.5,2818.0,66875.0
78632,42.6,1188.0,63173.0
78633,67.9,27292.0,95510.0
78634,36.5,41099.0,105023.0
78635,73.9,73.0,
78636,52.5,3582.0,65313.0
78638,40.5,1982.0,60000.0
78639,53.8,8274.0,55870.0
78640,33.0,68265.0,83735.0
78641,36.4,87106.0,124614.0
78642,36.2,20699.0,117490.0
78643,52.4,6811.0,64451.0
78644,38.7,20088.0,70496.0
78645,53.0,14344.0,107736.0
78648,48.8,8250.0,55406.0
78650,40.4,2807.0,62125.0
78652,39.9,5199.0,126333.0
78653,31.7,32884.0,95651.0
78654,42.1,19379.0,65503.0
78655,46.6,3671.0,53750.0
78656,32.3,2631.0,56923.0
78657,59.8,6958.0,81518.0
78658,65.0,78.0,
78659,48.4,2782.0,82635.0
78660,34.8,113386.0,105874.0
78661,33.9,437.0,
78662,46.2,3035.0,67756.0
78663,57.9,599.0,150593.0
78664,34.5,62168.0,83599.0
78665,35.4,61640.0,113365.0
78666,26.5,86530.0,52432.0
78669,47.8,10802.0,125600.0
78670,44.5,156.0,82589.0
78671,56.3,755.0,32093.0
78672,70.5,687.0,46033.0
78674,35.4,233.0,89500.0
78675,60.9,96.0,33068.0
78676,49.0,15321.0,86122.0
78677,,12.0,
78681,39.4,57760.0,123948.0
78701,41.5,10659.0,148049.0
78702,34.5,25723.0,87342.0
78703,39.8,22669.0,139617.0
78704,33.7,50250.0,89258.0
78705,21.1,32644.0,24126.0
78712,21.4,210.0,
78717,36.3,34499.0,136960.0
78719,46.0,1511.0,53712.0
78721,33.8,10445.0,80573.0
78722,34.8,6308.0,92543.0
78723,35.3,37000.0,81986.0
78724,31.3,28331.0,69925.0
78725,38.5,9896.0,94603.0
78726,36.0,13696.0,96352.0
78727,35.3,30601.0,104347.0
78728,33.8,27111.0,70092.0
78729,34.7,31309.0,78889.0
78730,44.4,9746.0,141794.0
78731,40.4,26314.0,98555.0
78732,38.3,19311.0,187286.0
78733,43.3,9014.0,193786.0
78734,50.1,21685.0,125074.0
78735,37.7,19793.0,118593.0
78736,43.1,9352.0,96385.0
78737,36.9,24951.0,151635.0
78738,42.4,28613.0,158194.0
78739,40.1,19907.0,205821.0
78741,29.8,45780.0,59049.0
78742,25.4,1241.0,67500.0
78744,32.2,49452.0,74702.0
78745,37.5,61322.0,80437.0
78746,42.1,28329.0,174367.0
78747,36.2,21253.0,90704.0
78748,36.0,53550.0,94143.0
78749,42.2,34714.0,118174.0
78750,39.8,28564.0,118186.0
78751,30.2,16326.0,75972.0
78752,32.4,22599.0,62931.0
78753,32.0,59951.0,60045.0
78754,34.1,31110.0,88382.0
78756,35.5,9816.0,97264.0
78757,38.1,25183.0,96667.0
78758,32.3,51185.0,68322.0
78759,38.0,45400.0,97688.0
78801,32.2,21248.0,54375.0
78802,,,
78827,58.1,742.0,28438.0
78828,68.5,83.0,66250.0
78829,24.6,1124.0,35132.0
78830,37.1,479.0,32188.0
78832,47.5,3157.0,52386.0
78833,49.0,1261.0,38250.0
78834,36.0,7386.0,26508.0
78836,42.4,65.0,67396.0
78837,65.8,128.0,
78838,70.1,105.0,
78839,33.8,7415.0,57083.0
78840,31.9,47030.0,57201.0
78841,,,
78842,,,
78843,23.0,459.0,
78850,39.0,827.0,75667.0
78851,,61.0,
78852,29.9,56745.0,48911.0
78860,,,
78861,36.9,13131.0,60216.0
78870,39.7,1302.0,70411.0
78871,42.2,32.0,
78872,26.8,1161.0,38063.0
78873,56.3,1278.0,59091.0
78877,49.5,1061.0,39785.0
78879,45.8,291.0,71250.0
78880,40.0,1269.0,36563.0
78881,52.6,1415.0,34259.0
78883,70.2,267.0,72539.0
78884,47.1,1068.0,73583.0
78885,62.8,100.0,78750.0
78886,46.5,393.0,118125.0
78931,53.3,210.0,
78932,58.8,486.0,68214.0
78933,45.5,1120.0,68125.0
78934,47.5,6478.0,64375.0
78935,63.5,594.0,
78938,39.4,221.0,62917.0
78940,56.4,2071.0,86604.0
78941,45.2,3430.0,70588.0
78942,41.4,9746.0,66184.0
78943,50.7,304.0,
78944,58.7,676.0,119038.0
78945,48.0,10718.0,70035.0
78946,47.1,931.0,70458.0
78947,40.7,4818.0,73984.0
78948,47.6,689.0,
78949,48.2,662.0,86410.0
78950,46.7,2376.0,98391.0
78951,,,
78953,52.3,1145.0,84802.0
78954,55.8,1272.0,97857.0
78956,42.8,5067.0,65744.0
78957,39.9,9887.0,63732.0
78959,48.4,1601.0,57610.0
78962,45.5,5202.0,71755.0
78963,52.1,608.0,87105.0
79001,48.0,210.0,128750.0
79002,59.4,33.0,93750.0
79003,39.8,132.0,86250.0
79005,32.2,1669.0,67462.0
79007,36.9,13928.0,58524.0
79008,,,
79009,40.4,1627.0,40908.0
79010,16.1,423.0,97708.0
79011,56.1,214.0,80125.0
79012,,,
79013,30.0,3019.0,49013.0
79014,40.5,3195.0,67411.0
79015,34.1,22659.0,86793.0
79016,19.5,600.0,
79018,45.2,399.0,54375.0
79019,45.1,1800.0,70167.0
79021,57.3,72.0,74375.0
79022,36.2,10672.0,75880.0
79024,46.4,339.0,68750.0
79025,,13.0,
79027,34.3,4720.0,63933.0
79029,29.8,15358.0,65101.0
79031,40.2,1263.0,50455.0
79032,34.1,114.0,48194.0
79033,53.9,26.0,
79034,36.2,510.0,80625.0
79035,38.4,5439.0,77938.0
79036,40.3,5147.0,72963.0
79039,38.8,695.0,52269.0
79040,33.0,2271.0,77933.0
79041,50.7,2612.0,55331.0
79042,30.5,1103.0,56607.0
79043,32.6,1634.0,53018.0
79044,38.8,662.0,52366.0
79045,31.6,18597.0,52124.0
79046,37.7,588.0,91875.0
79051,,4.0,
79052,35.1,1157.0,57646.0
79053,16.6,95.0,40000.0
79054,31.3,551.0,68750.0
79056,59.1,65.0,
79057,38.2,1167.0,66000.0
79058,,,
79059,41.0,645.0,59375.0
79061,54.4,328.0,81563.0
79062,23.3,330.0,
79063,43.6,629.0,72708.0
79064,36.6,2371.0,60625.0
79065,36.7,19549.0,54351.0
79066,,12.0,
79068,42.4,3269.0,84310.0
79070,32.6,9693.0,62077.0
79072,31.5,25747.0,49104.0
79073,14.5,16.0,
79078,54.8,150.0,
79079,36.9,2409.0,50066.0
79080,47.7,437.0,39286.0
79081,35.4,3257.0,63333.0
79082,40.9,197.0,
79083,34.7,1715.0,56250.0
79084,41.2,1402.0,53462.0
79085,,,
79086,37.4,3420.0,56667.0
79087,36.2,838.0,63008.0
79088,35.4,5355.0,32976.0
79091,11.8,70.0,
79092,41.4,1277.0,72829.0
79093,53.3,127.0,75147.0
79094,73.8,12.0,
79095,38.1,2736.0,51395.0
79096,40.6,2001.0,66037.0
79097,40.5,1063.0,113125.0
79098,53.8,450.0,38105.0
79101,51.1,2498.0,38291.0
79102,36.4,8805.0,47878.0
79103,32.1,10961.0,53879.0
79104,34.5,6253.0,45119.0
79106,33.8,27992.0,50271.0
79107,32.6,38441.0,38047.0
79108,40.4,11161.0,60115.0
79109,37.7,42659.0,67831.0
79110,31.9,18844.0,63647.0
79111,27.8,1854.0,67375.0
79118,36.6,26937.0,82990.0
79119,36.3,22371.0,94044.0
79121,46.3,5696.0,73375.0
79124,42.7,11207.0,101604.0
79201,32.6,6799.0,55938.0
79220,36.6,212.0,45750.0
79223,40.5,103.0,
79225,36.4,901.0,69659.0
79226,39.1,2713.0,49318.0
79227,51.9,1125.0,42237.0
79229,57.2,255.0,42917.0
79230,61.3,60.0,48393.0
79231,,20.0,
79233,33.8,96.0,
79234,42.5,106.0,78523.0
79235,33.0,3152.0,48140.0
79236,35.8,189.0,59375.0
79237,59.2,429.0,78194.0
79239,74.7,104.0,31250.0
79240,21.8,249.0,125625.0
79241,43.9,2138.0,54125.0
79243,58.5,21.0,26786.0
79244,41.1,789.0,71513.0
79245,44.6,2227.0,44095.0
79247,65.6,23.0,
79248,35.6,1520.0,37500.0
79250,45.3,1136.0,43438.0
79251,59.8,32.0,
79252,44.5,2702.0,59244.0
79255,50.2,412.0,49583.0
79256,59.2,288.0,36382.0
79257,49.5,854.0,32800.0
79258,,8.0,
79259,76.7,58.0,
79261,35.1,381.0,57188.0
79311,38.1,3705.0,63958.0
79312,37.6,1176.0,53646.0
79313,39.4,1451.0,57619.0
79314,31.1,104.0,
79316,35.7,10109.0,41698.0
79322,39.4,1877.0,49432.0
79323,28.3,7275.0,71723.0
79324,,4.0,
79325,31.5,2374.0,74875.0
79326,19.0,59.0,
79329,37.7,3306.0,69725.0
79330,54.5,60.0,121429.0
79331,34.0,11619.0,42500.0
79336,35.0,15489.0,51257.0
79339,36.5,6704.0,49444.0
79342,48.0,362.0,98068.0
79343,41.6,1443.0,61250.0
79344,,,
79345,40.4,1059.0,64688.0
79346,37.6,1790.0,39850.0
79347,30.2,7182.0,70509.0
79350,47.7,398.0,44563.0
79351,40.6,1100.0,60833.0
79353,52.2,23.0,111875.0
79355,34.1,1573.0,79340.0
79356,41.6,5654.0,52870.0
79357,39.4,1936.0,55938.0
79358,30.0,1412.0,75417.0
79359,36.3,3321.0,53750.0
79360,29.0,16858.0,81607.0
79363,39.5,5506.0,77264.0
79364,36.6,7541.0,57151.0
79366,54.4,1073.0,120156.0
79367,30.2,598.0,44464.0
79369,42.0,47.0,
79370,47.6,1166.0,46797.0
79371,33.3,1387.0,68650.0
79372,33.0,1483.0,61563.0
79373,38.5,2897.0,50758.0
79376,7.3,112.0,
79377,23.7,322.0,36932.0
79378,37.4,234.0,112941.0
79379,40.5,698.0,58750.0
79380,43.7,83.0,51875.0
79381,30.0,1500.0,63688.0
79382,33.2,8999.0,82981.0
79383,27.2,85.0,
79401,23.1,9431.0,23400.0
79402,,,
79403,34.9,16194.0,41582.0
79404,40.2,8935.0,45653.0
79406,19.3,7765.0,
79407,29.1,23177.0,61563.0
79410,27.3,10502.0,44650.0
79411,31.2,6437.0,39259.0
79412,34.1,15161.0,44610.0
79413,30.2,23523.0,65719.0
79414,28.9,18027.0,48587.0
79415,26.5,17086.0,37072.0
79416,28.7,35524.0,65774.0
79423,36.0,42284.0,82854.0
79424,38.2,50448.0,91572.0
79501,40.6,2648.0,53539.0
79502,33.4,1244.0,65114.0
79503,42.9,150.0,90795.0
79504,46.8,3181.0,66208.0
79505,31.8,225.0,38295.0
79506,63.2,546.0,39306.0
79508,45.0,1041.0,74583.0
79510,39.7,8058.0,64338.0
79511,37.1,1044.0,81071.0
79512,32.1,7879.0,49602.0
79517,53.8,140.0,63889.0
79518,60.1,115.0,
79519,49.9,57.0,152938.0
79520,37.0,2552.0,52847.0
79521,42.1,3359.0,60227.0
79525,43.0,2829.0,67306.0
79526,44.0,946.0,66875.0
79527,47.6,274.0,80417.0
79528,47.5,524.0,69342.0
79529,39.7,1132.0,35329.0
79530,45.6,505.0,51250.0
79532,36.6,754.0,50625.0
79533,48.8,442.0,41406.0
79534,48.3,213.0,91389.0
79535,60.8,117.0,53750.0
79536,31.5,6123.0,67788.0
79537,39.4,40.0,43571.0
79538,59.4,173.0,
79539,44.0,197.0,55179.0
79540,52.5,38.0,100000.0
79541,34.2,1253.0,58901.0
79543,34.2,1178.0,63403.0
79544,36.7,577.0,56786.0
79545,31.0,1873.0,51179.0
79546,40.1,1749.0,49650.0
79547,45.8,867.0,29258.0
79548,42.3,162.0,53750.0
79549,35.0,15608.0,57063.0
79553,36.0,3081.0,48313.0
79556,36.6,12621.0,47221.0
79560,67.3,60.0,
79561,53.0,508.0,71818.0
79562,37.9,4157.0,117901.0
79563,46.3,1024.0,53553.0
79565,32.6,365.0,115536.0
79566,55.3,228.0,46875.0
79567,38.6,3064.0,47039.0
79601,29.5,26603.0,53049.0
79602,38.2,26487.0,78850.0
79603,34.7,24189.0,52055.0
79605,33.5,28989.0,56890.0
79606,33.2,27797.0,73381.0
79607,22.0,3699.0,58372.0
79699,20.0,116.0,
79701,31.5,28461.0,57500.0
79703,31.0,21434.0,88718.0
79705,32.1,41140.0,95939.0
79706,33.0,32527.0,99515.0
79707,31.9,39347.0,99732.0
79713,39.3,879.0,69500.0
79714,32.4,18362.0,86458.0
79718,57.1,625.0,31250.0
79719,29.9,345.0,29408.0
79720,37.7,32297.0,66655.0
79721,41.6,558.0,
79730,24.1,104.0,
79731,40.1,4387.0,71818.0
79733,27.3,397.0,73333.0
79734,58.9,1859.0,43646.0
79735,37.4,13056.0,59167.0
79738,36.1,326.0,80179.0
79739,36.3,939.0,125125.0
79741,38.8,380.0,100274.0
79742,37.2,419.0,75156.0
79743,36.7,267.0,105385.0
79744,27.6,1749.0,54063.0
79745,37.1,6561.0,85083.0
79748,24.9,536.0,80809.0
79749,38.9,578.0,
79752,39.0,2000.0,45625.0
79754,31.9,96.0,
79755,34.8,72.0,136635.0
79756,37.2,9632.0,72101.0
79758,34.6,2540.0,130489.0
79759,,,
79761,29.5,31521.0,66593.0
79762,31.4,39649.0,76569.0
79763,32.5,35940.0,54668.0
79764,32.2,25907.0,77249.0
79765,30.1,21210.0,96260.0
79766,29.4,11822.0,71346.0
79769,,,
79770,,,
79772,34.9,13305.0,57474.0
79776,,,
79777,35.4,138.0,
79778,42.8,1202.0,68883.0
79780,54.4,77.0,
79781,48.7,65.0,65972.0
79782,34.4,3972.0,73295.0
79783,34.7,90.0,158500.0
79785,67.5,30.0,
79788,26.9,798.0,71014.0
79789,32.8,1021.0,111875.0
79821,35.9,6678.0,55047.0
79830,47.7,7912.0,50584.0
79832,20.1,121.0,
79834,29.7,246.0,46462.0
79835,32.6,12378.0,36778.0
79836,27.6,7751.0,52129.0
79837,32.6,201.0,
79838,40.5,5470.0,36366.0
79839,26.7,1365.0,31863.0
79842,38.2,340.0,43064.0
79843,54.4,2814.0,31452.0
79845,24.5,3354.0,19650.0
79846,,,
79847,59.8,78.0,38864.0
79848,56.7,801.0,55469.0
79849,28.2,13200.0,43801.0
79851,31.6,1376.0,56563.0
79852,61.7,531.0,43112.0
79853,35.7,3007.0,62167.0
79854,68.8,133.0,30806.0
79855,47.4,2160.0,35326.0
79901,44.5,8747.0,14142.0
79902,39.5,19108.0,39414.0
79903,42.5,15729.0,35750.0
79904,31.6,31634.0,38476.0
79905,33.9,22133.0,24618.0
79906,21.6,5970.0,54326.0
79907,35.9,49169.0,40962.0
79908,19.2,4378.0,58929.0
79911,35.7,8844.0,116536.0
79912,34.5,76890.0,71324.0
79915,38.7,36737.0,35278.0
79916,22.8,3395.0,
79918,21.6,311.0,
79920,21.5,33.0,
79922,45.7,6796.0,90278.0
79924,33.9,60667.0,53555.0
79925,33.6,40001.0,55357.0
79927,35.4,42241.0,46581.0
79928,28.3,79330.0,67016.0
79930,35.1,25899.0,41953.0
79932,35.4,29269.0,80383.0
79934,29.5,26620.0,77010.0
79935,37.3,18815.0,62018.0
79936,33.9,107512.0,60981.0
79938,28.6,95452.0,70806.0
